"Vice President for Philanthropy and Public Relations",Vice President,Philanthropy
"Vice President for Philanthropy and Public Relations",Vice President,Public Relations
"President"
"Assistant Investigator"
"Investigator"
"Nick and Sue Hellmann Distinguished Professor of Translational Medicine",,"Translational Medicine","Nick and Sue Hellmann Distinguished Professor"
"Professor, Depts. of Medicine, Microbiology and Immunology",Professor,Department of Medicine
"Professor, Depts. of Medicine, Microbiology and Immunology",Professor,Department of Microbiology & Immunology
"Co-Director"
"Executive Chairman"
"The Younger Family Director",Director,The Younger Family,"The Younger Family Director"
"Director"
"Professor, Depts. of Pediatrics, Biochemistry & Biophysics",Professor,Department of Pediatrics
"Professor, Depts. of Pediatrics, Biochemistry & Biophysics",Professor,Department of Biochemistry & Biophysics
"Professor, Neurology and Physiology",Professor,Neurology 
"Professor, Neurology and Physiology",Professor,Physiology,"Professor, Neurology and Physiology"
"Associate Director"
"Professor, Dept. of Pediatrics",Professor,Department of Pediatrics
"Professor, Dept. of Neurology",Professor,Department of Neurology
"Staff Research Scientist II"
"Staff Research Scientist I"
"Vice President for Extramural Funding",Vice President,Extramural Funding,"Vice President for Extramural Funding"
"Vice President, Scientific Communications and Outreach",Vice President,Scientific Communications and Outreach
"Vice President, Chief Financial and Administrative Officer",Vice President,Finance,"Vice President, Chief Financial and Administrative Officer"
"Vice President for Intellectual Property and Legal Affairs",Vice President,Legal
"Vice President for Intellectual Property and Legal Affairs",Vice President,Intellecutal Property,"Vice President for Intellectual Property and Legal Affairs"
"Vice President for Corporate Liaison and Ventures",Vice President,Corporate Relations,"Vice President for Corporate Liaison and Ventures"
"Vice President, Finance",Vice President,Finance
"Director and Senior Investigator",Director,,"Director and Senior Investigator"
"Associate Director and Senior Investigator",Associate Director,,"Associate Director and Senior Investigator"
"Associate Investigator"
"Senior Investigator"
"Staff Research Investigator"
"Professor, Dept. of Pharmaceutical Chemistry",Professor,Department of Pharmaceutical Chemistry
"Adjunct Assistant Professor, Dept. Pediatrics",Adjunct Assistant Professor,Department of Pediatrics
"Associate Professor, Dept. of Cellular and Molecular Pharmacology and the California Institute for Quantitative Biomedical Research",Associate Professor,Deptartment of Cellular and Molecular Pharmacology
"Professor, Dept. of Pathology and Medicine",Professor,Department of Pathology
"Professor, Dept. of Pathology and Medicine",Professor,Department of Medicine,"Professor, Dept. of Pathology and Medicine"
"Founder and Faculty Supervisor",Founder,,"Founder and Faculty Supervisor"
"Associate Professor, Dept. of Epidemiology & Biostatistics and the Institute for Human Genetics",Associate Professor,Department of Epidemiology
"Associate Professor, Dept. of Epidemiology & Biostatistics and the Institute for Human Genetics",Associate Professor,Department of Biostatistics,"Associate Professor, Dept. of Epidemiology & Biostatistics"
"Head, HIV Pathogenesis Group",Head,HIV Pathogenesis Group
"Professor, Dept. of Anatomy",Professor,Department of Anatomy
"Director and Professor, Center for iPS Cell Research and Application (CiRA)",Director,,"Director and Professor, Center for iPS Cell Research and Application (CiRA)"
"Board Chair"
"Vice Chair"
"Assistant Professor, Cellular and Molecular Pharmacology",Assistant Professor,Cellular and Molecular Pharmacology
"Associate Professor of Physiology and Neurology",Associate Professor,Physiology
"Associate Professor of Physiology and Neurology",Associate Professor,Neurology,"Associate Professor of Physiology and Neurology"
"Professor, Medicine",Professor,Medicine
"Assistant Professor, Department of Microbiology and Immunology",Assistant Professor,Department of Microbiology and Immunology
"Assistant Professor, Neurology",Assistant Professor,Neurology
"Assistant Professor, Department of Neurology",Assistant Professor,Department of Neurology
"Associate Professor, Biochemistry and Biophysics",Assistant Professor,Biochemistry and Biophysics	
"Assistant Professor of Neurology and Neuroscience",Assistant Professor,Neurology
"Assistant Professor of Neurology and Neuroscience",Assistant Professor,Neuroscience,"Assistant Professor of Neurology and Neuroscience"
"Professor of Medicine",Professor,Medicine
"Adjunct Associate Professor, Epidemiology and Biostatistics",Adjunct Associate Professor,Epidemiology and Biostatistics
"Adjunct Assistant Professor, Department of Medicine",Adjunct Associate Professor,Department of Medicine