Administration,Administration
Assistant Investigator,Investigator
Associate Director,Director
Associate Investigator,Investigator
Director,Director
Faculty,
Graduate Student,Graduate Student
Investigator,Investigator
President,President
President Emeritus,Emeritus
Senior Investigator,Investigator
Staff Research Investigator,Investigator
Staff Research Scientist,Staff Research Scientist
Trustee Member,Trustee Member,Trustees
Visiting Scientist,Visiting
Advisory Board Member,Member,Advisory Board
Basic Science Council, Member,Basic Science Council
"Chair, Academic Medicine Advisory Council",Chair
Consultant,Consultant
Editorial Board,Member,Editorial Board
Grant review panel,Member,Grant Review Panel
Internal Advisory Board, Member,Internal Advisory Board
"Medical & Scientific Advisory Council Chair", Chair
"President, Board of Directors",President,Board of Directors
Scientific Advisor,Scientific Advisor
Scientific Advisory Board,Member,Scientific Advisory Board
Scientific Advisory Board Member,Member,Scientific Advisory Board
Senate,Member,Senate
"Study Group 3A, Co-chair",Co-chair